Title	Category
Rational inference	redirect::Inference
Ripcot	redirect::The Ripping Friends
Category:Wikipedia sockpuppets of Billy Ego	Other/None
Category:Video games developed in Finland	Other/None
Dorsa Whiston	Other/None
Delphic of Gamma Sigma Tau Fraternity	redirect::Delphic Fraternity
Tir na n-og Awards	redirect::Tir na n-Og Award
Chantiers de l’Atlantique	redirect::Chantiers de l'Atlantique
South Australian general election campaign, 2006	redirect::2006 South Australian state election
Sr. Maria Stanisia	redirect::Mary Stanisia
Humor Monastery	C_Location
Monica Kurkowski	redirect::Mary Stanisia
Atlantoaxial	redirect::Atlanto-axial joint
Category:WikiProject New Mexico	Other/None
URGI	redirect::Avenue (store)
Template:University of Wisconsin–Milwaukee	Other/None
Panagiotis Fassoulas	redirect::Panagiotis Fasoulas
Dysplasia of the hip	redirect::Hip dysplasia
Tir na n-Og Award	Other/None
Uk.yahoo.com	redirect::Yahoo!
Twilight of the idols	redirect::Twilight of the Idols
Category:Russian actor stubs	C_Person
Barrington Passage, Nova Scotia	Location
Factions in Supreme Commander	redirect::Supreme Commander (video game)#Factions
Tir na n-Og awards	redirect::Tir na n-Og Award
University of Wisconsin–Milwaukee College of Engineering and Applied Science	Other
Category:Retailing articles needing expert attention	C_Company
Thon the Egyptian	redirect::Polydamna
Egg Harbor City (NJT Station)	redirect::Egg Harbor City station
Nyrondal	redirect::Greyhawk#Setting
University of Wisconsin–Milwaukee School of Education	Other
William M. Fowler, Jr.	redirect::William M. Fowler
Allendale (NJT Station)	redirect::Allendale station (NJ Transit)
Independent School Athletic League	redirect::Independent Schools Athletic League
Stan Switek	redirect::Miami Vice#Main characters
Sheldon B. Lubar School of Business	redirect::University of Wisconsin–Milwaukee academics
Loiner	Other/None
Bahadir Gokay	redirect::Bahadır Gökay
Cardinal Rigali	redirect::Justin Rigali
Standin' on the Corner Park	Location
Pingree, David	redirect::David Pingree
The Adventurers (1970 film)	Other
Stéphane Haccoun	Person
Sister Mary Stanisia	redirect::Mary Stanisia
Elazığ province	redirect::Elazığ Province
Category:Convention centers in South Carolina	C_Organization
Engineering Technology	redirect::Engineering technologist
Krzyż Zasługi z Mieczami	redirect::Cross of Merit with Swords (Poland)
Client Logic	redirect::Sitel
Category:Historic Westminster constituency in Ireland stubs	Other/None
SC430	redirect::SC 430
Rendezvous Hotel Singapore	A_Location
Salatut Elämät	redirect::Salatut elämät
Disney Animation Studios	redirect::Walt Disney Animation Studios
Whitacre College of Engineering	Other
Template:Ireland-UK-hist-constituency-stub	Other/None
Category:Ascension Health	Other/None
Texas Tech University Engineering	redirect::Whitacre College of Engineering
Check Point IPSO	Other/None
Strawbridge & Clothier	redirect::Strawbridge's
Tyson Griffin	Person
Ivan alexander of bulgaria	redirect::Ivan Alexander of Bulgaria
The Snow Spider	redirect::The Magician Trilogy
Deadly Game (novel)	redirect::Christine Feehan
All India Muslim Students Federation	Other/None
Nines (card game)	Other/None
Wesley Chan	C_Person
Henry Meige	Other/None
Idiopathic orofacial dystonia	redirect::Meige's syndrome
Orofacial dyskinesia	redirect::Meige's syndrome
Kia Goodwin	Person
Love And Sex	redirect::Love and Sex
Andrew Quick	redirect::List of The Dark Tower characters#Tick-Tock Man
High-technology business district	redirect::List of technology centers
Lubar School of Business	redirect::University of Wisconsin–Milwaukee academics
Trudy Joplin	redirect::Miami Vice#Main characters
Curtis Baldwin	redirect::227 (TV series)
UWM Lubar School of Business	redirect::University of Wisconsin–Milwaukee academics
Zamosts	redirect::Zamość
UWM School of Education	redirect::University of Wisconsin–Milwaukee academics
Hawker Siddeley HS121 Trident	redirect::Hawker Siddeley Trident
Cherry Darling	redirect::Grindhouse (film)
UWM College of Engineering and Applied Science	redirect::University of Wisconsin–Milwaukee academics
Marches on Washington	redirect::List of rallies and protest marches in Washington, D.C.
Wayne Patterson	Other
Marches on washington	redirect::List of rallies and protest marches in Washington, D.C.
C. Litton Falkiner	redirect::Caesar Litton Falkiner
Category:Sportswear brands	C_Company
Rex Wailes	Person
March on Washington, D.C.	redirect::List of rallies and protest marches in Washington, D.C.
Pesseta	redirect::Peseta
Marches on Washington, D.C.	redirect::List of rallies and protest marches in Washington, D.C.
Hens & Kelly	redirect::Hens and Kelly
Catalan pesseta	redirect::Catalan peseta
Monet-twins	redirect::M (Marvel Comics)
Spanish pesseta	redirect::Spanish peseta|Peseta
Marches on Washington, DC	redirect::List of rallies and protest marches in Washington, D.C.
Pezeta	redirect::Peseta
WizzAir	redirect::Wizz Air
Spanish pezeta	redirect::Spanish peseta|Peseta
