Title	Category
Trussing	redirect::Truss
Cadbury Chomp	redirect::Chomp (chocolate bar)
Dmytriy Brovkin	redirect::Dmytro Brovkin
Richard H. Bartlett (director)	redirect::Richard Bartlett
Welsh Bowling Association	Other/None
Cadbury Star Bar	redirect::Starbar
Maximilian (Maximiliaen) von Sevenborgen	redirect::Maximilianus Transylvanus
Frantisek Kadanka	redirect::František Kadaňka
Cadbury Moro (chocolate)	redirect::Moro (chocolate bar)
Miroslav Nedvěd	C_Person
Andriy Budnyy	redirect::Andriy Budnyi
Peg Restrained Intrinsic Muscle Evaluator	Other/None
Massicault Airfield	redirect::Borj El Amri Airport
Cadbury Boost	redirect::Boost (chocolate bar)
Book:Restaurants in Georgia	Other/None
Pavel Schwarc	C_Person
Allen Bell	Person
Antonin Brabec	redirect::Antonín Brabec
Lee So-young (artist)	Person
Category:Recipients of the Medal of Courage	Other/None
Cadbury Double Decker	redirect::Double Decker (chocolate bar)
Waldis Joaquin	redirect::Waldis Joaquín
Evgen Cheberyachko	redirect::Yevhen Cheberyachko
Scaphella	Other/None
Category:Executed philosophers	Other/None
Cadbury Twirl	redirect::Twirl (chocolate bar)
Michael Berek	C_Person
Yevheniy Chepurnenko	redirect::Yevhen Chepurnenko
Cadbury Curly Wurly	redirect::Curly Wurly
Twin town	redirect::Sister city
J. L. Kraft	redirect::James L. Kraft
Frank Kretschmer	C_Person
Oleksandr Chervony	redirect::Oleksandr Chervonyi
Jamshed Ansari	Person
Oleksandr Chizhevskiy	redirect::Oleksandr Chyzhevskyi
Sylvia Levin	Person
David H. Lyth	C_Person
Gatehouse, Portland City Reservoir No. 2	redirect::Mount Tabor (Oregon)
Lord Sharman	redirect::Colin Sharman, Baron Sharman
Category:Mexican post-rock groups	Other/None
Mihajlo Denisov	redirect::Mykhaylo Denysov
Mount Tabor (Portland, Oregon)	redirect::Mount Tabor (Oregon)
MonStAR	redirect::MonStar
Dieter Welsink	C_Person
Christofer toumazou	redirect::Chris Toumazou
Golden Gate Canyon State Park	Location
Yuriy Dmitrulin	redirect::Yuriy Dmytrulin
Scario	A_Location
Peter Czupryna	C_Person
The World At Night	Company
Please (You Got That ...)	Other
Serhiy Dolhansky	redirect::Serhiy Dolhanskyi
Hergla Airfield	A_Location
Garagliano	redirect::Scario
Yuri Dudnyk	redirect::Yuriy Dudnyk
Loan Servicing	redirect::loan servicing
Barnacle (slang)	Other/None
Viktor Dvirnik	redirect::Viktor Dvirnyk
Fernando Yáñez de la Almedina	C_Person
Hernando Yáñez de la Almedina	redirect::Fernando Yáñez de la Almedina
Dmytro Esin	redirect::Dmitriy Yesin (footballer, born 1980)
2008 African Rally Championship	Other/None
Category:People from Beeston, Nottinghamshire	C_Location
Darwinia taxifolia	Other/None
Jesus Guzman	redirect::Jesús Guzmán
Rus' principalities	redirect::List of tribes and states in Belarus, Russia and Ukraine
African Journal of International Affairs and Development	Other
Pierre Calori	C_Person
Hernando de los Llanos	C_Person
Munir H. Nayfeh	redirect::Munir Nayfeh
Frederikke Dannemand	Other/None
Jacques Calori	C_Person
African journal of international affairs and development	redirect::African Journal of International Affairs and Development
Ilya Galyuza	redirect::Ilya Galiuza
Speed limits in North Carolina	redirect::Speed limits in the United States by jurisdiction#North Carolina
Fiachu Muillethan	Other/None
Chris Toumazou	Person
Oleh Garas	redirect::Oleh Haras
Archdiocese of Lisbo	redirect::Patriarchate of Lisbon
Generalized Petersen graph	Other/None
Steve Garvis	C_Person
Molecule Man (art)	redirect::Molecule Man (sculpture)
US Ivry-sur-Seine	redirect::US Ivry
2001 Family Circle Cup – Doubles	C_Location
Merkin Valdéz	redirect::Merkin Valdez
Macron (sportswear)	Company
List of speed limits in Mississippi	redirect::Speed limits in the United States by jurisdiction#Mississippi
Agnone Cilento	A_Location
Mike Garvis	C_Person
Maksym Feschuk	redirect::Maksym Feshchuk
Tzivon	redirect::Tziv'on
Knippelsbro	Location
Denys Golaydo	redirect::Denys Holaydo
Dejan Stevanovic	redirect::Dejan Stevanovič
Dmitri Gorbushin	redirect::Dmitry Gorbushin
Paul Grabow	C_Person
Oleksiy Gorodov	redirect::Oleksiy Horodov
Simon Hocevar	redirect::Simon Hočevar
Kazakhstan International School in Almaty	redirect::Kazakhstan International School
Jefry Huey	C_Person
