Title	Category
Yashima Station (disambiguation)	redirect::Yashima Station
Kouropalatissa	redirect::Kouropalates
Caliente (Calle Ciega album)	Other
Yass (disambiguation)	redirect::Yass
Yassine (disambiguation)	redirect::Yasin
Yasso (disambiguation)	redirect::Yasso
Yasu (disambiguation)	redirect::Yasu
Boričevici	redirect::Boričevci
Mark Duckens	A_Person
Yasuda Station (disambiguation)	redirect::Yasuda Station
Yasuhiro (disambiguation)	redirect::Yasuhiro
Athletics at the 1962 Commonwealth Games	redirect::Athletics at the 1962 British Empire and Commonwealth Games
Yasuhiro Wada (disambiguation)	redirect::Yasuhiro Wada
Yasui (disambiguation)	redirect::Yasui
Yasunori (disambiguation)	redirect::Yasunori
Education TV (Mongolia)	redirect::Edutainment TV
Yasuo Saitō (disambiguation)	redirect::Yasuo Saitō
Yasur (disambiguation)	redirect::Yasur
Yatai (disambiguation)	redirect::Yatai
Yatala (disambiguation)	redirect::Yatala
Yatco (disambiguation)	redirect::Yatco
Yated (disambiguation)	redirect::Yated
Restored Hanthawaddy	redirect::Restored Hanthawaddy Kingdom
Yated Ne'eman (disambiguation)	redirect::Yated Ne'eman
Yau (disambiguation)	redirect::Yau
Yauna (disambiguation)	redirect::Yauna
Athletics at the 1966 Commonwealth Games	redirect::Athletics at the 1966 British Empire and Commonwealth Games
Yauri (disambiguation)	redirect::Yauri
Athletics at the 1974 Commonwealth Games	redirect::Athletics at the 1974 British Commonwealth Games
Yavarí (disambiguation)	redirect::Yavarí
Yavuz Sultan Selim (disambiguation)	redirect::Yavuz Sultan Selim
Yawan (disambiguation)	redirect::Yawan
Yawi (disambiguation)	redirect::Yawi
LucasArts Entertainment Company LLC	redirect::LucasArts
Yawkey (disambiguation)	redirect::Yawkey
Yax Nuun Ayiin (disambiguation)	redirect::Yax Nuun Ayiin
Yaxley (disambiguation)	redirect::Yaxley
Yayasan (disambiguation)	redirect::Yayasan
Yayo (disambiguation)	redirect::Yayo
Sao Joao da Mamora	redirect::Mehdya, Morocco
Yazdan (disambiguation)	redirect::Yazdan
Yazdegerd (disambiguation)	redirect::Yazdegerd
Yazdi (disambiguation)	redirect::Yazdi
List of generating stations in British Columbia	C_Location
Yazgulyam (disambiguation)	redirect::Yazgulyam
Alicia Goranson	redirect::Lecy Goranson
Ye (disambiguation)	redirect::Ye
Ye, Burma (disambiguation)	redirect::Ye, Burma
Yea (disambiguation)	redirect::Yea
Yeadon (disambiguation)	redirect::Yeadon
IPKCA	redirect::International Parental Kidnapping Crime Act
Yeah, right (disambiguation)	redirect::Yeah, right
Year and a day (disambiguation)	redirect::Year and a day
IPKA	redirect::International Parental Kidnapping Crime Act
Year of the Dragon (disambiguation)	redirect::Year of the Dragon
Year of the Gun (disambiguation)	redirect::Year of the Gun
Yearling (disambiguation)	redirect::Yearling
Yearning (disambiguation)	redirect::Yearning
Yeban gesheng (disambiguation)	redirect::Yeban gesheng
Yed (disambiguation)	redirect::Yed
Yeddioymaq, Masally (disambiguation)	redirect::Yeddioymaq, Masally
Yedikule (disambiguation)	redirect::Yedi Kule
Maison de plaisance	redirect::Lustschloss
Yegorova (disambiguation)	redirect::Yegorova
Yehuda Gilad (disambiguation)	redirect::Yehuda Gilad
Yejong (disambiguation)	redirect::Yejong
Yeke (disambiguation)	redirect::Yeke
TT191	Location
Gooby	Other
Yellow-fin (disambiguation)	redirect::Yellow-fin
Lloyd Steam	redirect::Steamboy
Yellow-nosed Albatross (disambiguation)	redirect::Yellow-nosed albatross
La Tremplin Olympique du Mont	redirect::Le Tremplin Olympique du Mont
Category:Somerset County Cricket Club seasons	Other/None
Yellow Book (disambiguation)	redirect::Yellow Book
Yellow Coneflower (disambiguation)	redirect::Yellow coneflower
Saturn-V	redirect::Saturn V
Sqrt of a matrix	redirect::Square root of a matrix
Edward Steam	redirect::Steamboy
Yellow Corydalis (disambiguation)	redirect::Yellow corydalis
Princes' House	Other/None
Yellow House (disambiguation)	redirect::Yellow House
Yellow Line (disambiguation)	redirect::Yellow Line
Yellow No. 5 (disambiguation)	redirect::Yellow No. 5
Category:English and Welsh county cricket club seasons	Other/None
Malawi Independence Medal	Other
Yellow Pearl (disambiguation)	redirect::Yellow Pearl
Yellow Rock, New South Wales (disambiguation)	redirect::Yellow Rock, New South Wales
Category:Orders, decorations, and medals of Malawi	Other/None
Yellow bells (disambiguation)	redirect::Yellow bells
Yellow hat (disambiguation)	redirect::Yellow hat
Yellow rose (disambiguation)	redirect::Yellow rose
Yellow star (disambiguation)	redirect::Yellow star
Category:Populated places in Iquique Province	C_Location
Yellow waterlily (disambiguation)	redirect::Yellow waterlily
Yellow woodsorrel (disambiguation)	redirect::Yellow woodsorrel
Yellowbelly (disambiguation)	redirect::Yellowbelly
Category:Populated places in El Tamarugal Province	C_Location
ICON Health Publications	redirect::Philip M. Parker#Automatically generated books
Yellowhead (disambiguation)	redirect::Yellowhead
