Title	Category
Viper Solfa	Person
Gunehgar Kaun	Other/None
2016 FC Edmonton season	Other
Denis, Jean	redirect::Jean Denis
Drouet, Jean-Baptiste	redirect::Jean-Baptiste Drouet
Dubé, Jean	redirect::Jean Dubé
Dupuy, Jean	redirect::Jean Dupuy
Category:Chiefs of Staff of the Lanzhou Military Region	Other/None
Germain, Jean	redirect::Jean Germain
Gordon, Jean	redirect::Jean Gordon
Hamon, Jean	redirect::Jean Hamon
Humbert, Jean	redirect::Jean Humbert
Janssens, Jean	redirect::Jean Janssens
Category:Alternate members of the 16th Central Committee of the Communist Party of China	Other/None
Landry, Jean	redirect::Jean Landry
Category:Alternate members of the 17th Central Committee of the Communist Party of China	Other/None
Leclerc, Jean	redirect::Jean Leclerc
Lee, Jean	redirect::Jean Lee
Lee, Jeannette	redirect::Jeannette Lee
Audrie & Daisy	Other
Lenoir, Jean	redirect::Jean Lenoir
Leymarie, Jean	redirect::Jean Leymarie
Louvet, Jean	redirect::Jean Louvet
Eronia phocaea	redirect::Pareronia phocaea
Template:Country data Guna Yala/doc	Other/None
Template:Country data Ngobe-Buglé/doc	Other/None
Template:Country data Coclé/doc	Other/None
Template:Country data Bocas del Toro/doc	Other/None
Lloyd Davenport	Person
Template:Country data Chiriquí/doc	Other/None
Tahmineh Monzavi	C_Person
Template:Country data Veraguas/doc	Other/None
Audrie and Daisy	redirect::Audrie & Daisy
Category:New Orleans Crescent Stars players	C_Person
Draft:Esther Madudu	redirect::Esther Madudu
2015–16 ISU Speed Skating World Cup – World Cup 3 – Men's 5000 metres	Other/None
100 Great Welsh Women	Other
Template:Country data Los Santos/doc	Other/None
Terias mindorana	redirect::Eurema sarilata
Panaom sarilata	redirect::Eurema sarilata
2015–16 ISU Speed Skating World Cup – World Cup 3 – Women's 3000 metres	Other/None
House No. 13	Other
The Fat Duck Cookbook	redirect::Heston Blumenthal
Warin de Munchensy	Other/None
Monet, Jean	redirect::Jean Monet
Morin, Jean-Baptiste	redirect::Jean-Baptiste Morin
Pellissier, Jean	redirect::Jean Pellissier
Perronet, Jean	redirect::Jean Perronet
Ray, Jean	redirect::Jean Ray
Rey, Jean	redirect::Jean Rey
Scott, Jean	redirect::Jean Scott
Westwood, Jean	redirect::Jean Westwood
Wilson, Jean	redirect::Jean Wilson
B2005 road	redirect::B roads in Zone 2 of the Great Britain numbering scheme#B2005
Messaras arias	redirect::Cupha arias
Antler (cocktail)	Other/None
Black vail brides songs	redirect::Black Veil Brides discography
Ann-Marie James	C_Person
Template:Together for Šumadija/meta/color	Other/None
Template:Did you know nominations/Palestinian wine	Other/None
Ergolis taeniata	redirect::Ariadne taeniata
Ergolis adelpha	redirect::Ariadne taeniata
T. P. Sreenivasan	C_Person
Draft:Colette (film)	redirect::Colette (disambiguation)
New Hampshire State University	redirect::University of New Hampshire
Wikipedia:Meetup/Notre Dame/NDBlacklivesmatter	Other/None
New Hampshire State College	redirect::University of New Hampshire
Churches sui iuris	redirect::Catholic particular churches and liturgical rites
Colección Júmex	redirect::Colección Jumex
University of New Hampshire at Durham	redirect::University of New Hampshire
St. Martin's Hall	redirect::Queen's Theatre, Long Acre
Mark Karpun	Person
Chelsea Maree Pitman	redirect::Chelsea Pitman
15 Minutes with Bing Crosby	Other/None
Austin, Ian	redirect::Ian Austin
Conversion to farmland	redirect::Land development#Conversion to farmland
Template:Serbian Democratic Renewal Movement/meta/color	Other/None
Paphia boebera	redirect::Pareronia boebera
Yigal Guetta	Person
List of tallest buildings in New York	redirect::Lists of tallest buildings in New York
Dr. E.F. Utley House	Location
Kowloon Tsai Sports Ground	redirect::Kowloon Tsai Park
Banks, Ian	redirect::Ian Banks
Bird, Ian	redirect::Ian Bird
Bishop, Ian	redirect::Ian Bishop
Black, Ian	redirect::Ian Black
Browne, Ian	redirect::Ian Brown
Eli Goree	Person
Clarke, Ian	redirect::Ian Clarke
Dingman, Ian	redirect::Ian Dingman
Ferguson, Ian	redirect::Ian Ferguson
Fraser, Ian	redirect::Ian Fraser
Gibson, Ian	redirect::Ian Gibson
Gordon, Ian	redirect::Ian Gordon
Hamilton, Ian	redirect::Ian Hamilton
Harrison, Ian	redirect::Ian Harrison
Helliwell, Ian	redirect::Ian Helliwell
Hicks, Ian	redirect::Ian Hicks
Holmes, Ian	redirect::Ian Holmes
Hunter, Ian	redirect::Ian Hunter
